{"cameraMode":{"drawMode":0,"name":"Shaded","section":"Shading Mode"},"sceneLighting":false,"audioPlay":false,"sceneViewState":{"showFog":true,"showMaterialUpdate":false,"showSkybox":false,"showFlares":true,"showImageEffects":true,"showParticleSystems":true},"in2DMode":false,"pivot":{"x":8.465325355529786,"y":10.024555206298829,"z":10.610052108764649},"rotation":{"x":0.20219790935516358,"y":0.7898765802383423,"z":-0.34171900153160097,"w":0.4673776924610138},"size":2.4055862426757814,"orthographic":false}