{"cameraMode":{"drawMode":0,"name":"Shaded","section":"Shading Mode"},"sceneLighting":true,"audioPlay":false,"sceneViewState":{"showFog":true,"showMaterialUpdate":false,"showSkybox":true,"showFlares":true,"showImageEffects":true,"showParticleSystems":true},"in2DMode":false,"pivot":{"x":-14.932047843933106,"y":6.505838394165039,"z":-7.273586273193359},"rotation":{"x":-0.0065628523007035259,"y":0.9836483597755432,"z":-0.17626163363456727,"w":-0.03660639002919197},"size":24.40264320373535,"orthographic":false}